{"count":1,"self":8.8309584,"total":52.6663345,"children":{"InitializeActuators":{"count":27,"self":0.0010011,"total":0.0010011,"children":null},"InitializeSensors":{"count":27,"self":0.0015036,"total":0.0015036,"children":null},"AgentSendState":{"count":18634,"self":0.1419886,"total":0.6860689,"children":{"CollectObservations":{"count":50328,"self":0.064178199999999991,"total":0.064178199999999991,"children":null},"WriteActionMask":{"count":50328,"self":0.026024799999999997,"total":0.026024799999999997,"children":null},"RequestDecision":{"count":50328,"self":0.18827,"total":0.4538773,"children":{"AgentInfo.ToProto":{"count":50328,"self":0.0859881,"total":0.2656073,"children":{"GenerateSensorData":{"count":50328,"self":0.17961919999999998,"total":0.17961919999999998,"children":null}}}}}}},"DecideAction":{"count":18634,"self":42.215430399999995,"total":42.2154293,"children":null},"AgentAct":{"count":18634,"self":0.87118489999999993,"total":0.9303655,"children":{"AgentInfo.ToProto":{"count":3187,"self":0.0144046,"total":0.0591806,"children":{"GenerateSensorData":{"count":3187,"self":0.044775999999999996,"total":0.044775999999999996,"children":null}}}}}},"gauges":{"RollerBall.CumulativeReward":{"count":3187,"max":2,"min":0,"runningAverage":0.812049,"value":1,"weightedAverage":1.16128969}},"metadata":{"timer_format_version":"0.1.0","start_time_seconds":"1734782222","unity_version":"2022.3.22f1","command_line_arguments":"D:\\Unity\\Новая папка\\2022.3.22f1\\Editor\\Unity.exe -projectpath D:\\Unity\\DataScience -useHub -hubIPC -cloudEnvironment production -licensingIpc LicenseClient-lugin -hubSessionId 0fa7f149-a472-42b8-9a29-a9a82c09d54a -accessToken DqGAbNg9tM7Ue51qqYGh0PfeMd0MZs34ZtYcjRPefsU009f","communication_protocol_version":"1.5.0","com.unity.ml-agents_version":"2.2.1-exp.1","scene_name":"SampleScene","end_time_seconds":"1734782275"}}